es_type,type
binary,string
boolean,boolean
keyword,string_fast
constant_keyword,string_fast
wildcard,string_fast
long,int64
integer,int32
short,int16
byte,int8
double,float64
float,float32
half_float,float32
scaled_float,float64
unsigned_long,int128
object,json
flattened,json
nested,json
join ,json
range ,json
ip,string_fast
aggregate_metric_double,json
murmur3,string
histogram,json
text,string
match_only_text,string
annotated-text,json
completion,json
search_as_you_type,json
token_count,json
dense_vector,json
sparse_vector,json
rank_feature,json
rank_features,json
geo_point,json
geo_shape,json
point,json
shape,json
percolator,json
date,datetime
date_nanos,datetime
flat_object,json
pattern,string
